1,568-59-7389,Omar Murphy,Corporativo,Desativado
2,428-96-1278,Chris Hurst,Corporativo,Ativo
3,719-47-9715,Daniel Cummings,Consumidor,Desativado
4,335-03-2530,Emily Reid,Corporativo,Desativado
5,483-16-2198,Daniel Howell,Corporativo,Desativado
6,354-48-6422,Timothy Palmer,Corporativo,Ativo
7,642-74-9791,Lisa Scott,Corporativo,Ativo
8,720-97-2497,Robert Harris,Consumidor,Ativo
9,428-78-8537,John Wolf,Corporativo,Ativo
10,494-71-3002,Lindsey Taylor,Consumidor,Ativo
11,761-34-4361,Alexander Rodriguez,Consumidor,Desativado
12,860-69-5976,Michele Meyer,Corporativo,Ativo
13,807-10-8632,William Morris,Corporativo,Ativo
14,777-08-3377,Adam Wright,Corporativo,Ativo
15,232-78-7626,Monica Jackson,Consumidor,Ativo
16,502-15-2409,Madison Simpson,Consumidor,Desativado
17,128-39-7298,Bradley Arroyo,Consumidor,Ativo
18,480-53-6960,Jonathan Clark,Consumidor,Desativado
19,685-33-8078,Kevin Garcia,Corporativo,Ativo
20,510-62-4355,Thomas Pacheco,Corporativo,Ativo
21,156-09-6667,William Wallace,Corporativo,Ativo
22,017-78-0979,Jordan Erickson,Consumidor,Ativo
23,103-99-3710,Stanley Joseph,Corporativo,Ativo
24,146-98-8814,Thomas Sanford,Corporativo,Ativo
25,891-20-9186,Erik Stanley,Corporativo,Desativado
26,010-95-2226,Valerie Nguyen,Consumidor,Ativo
27,648-49-9492,Stephanie Perry,Consumidor,Ativo
28,829-69-5956,Michelle Evans,Consumidor,Ativo
29,305-54-4967,Mitchell Price,Consumidor,Desativado
30,385-23-4942,Yvette Pena,Consumidor,Desativado
31,589-81-2341,Patrick Chapman,Consumidor,Ativo
32,182-72-7134,Eric Gonzalez MD,Corporativo,Ativo
33,339-51-0013,Daniel Roberts,Corporativo,Desativado
34,166-64-8391,Vincent Guerra PhD,Corporativo,Desativado
35,276-17-3756,Heather Smith,Corporativo,Desativado
36,025-94-5896,Paul Martin,Corporativo,Desativado
37,760-82-6823,Jessica Myers,Corporativo,Ativo
38,672-33-2615,Shelly Levy,Consumidor,Ativo
39,506-90-9049,Benjamin Mendez,Consumidor,Desativado
40,618-28-6707,Glenn Gray,Corporativo,Desativado
41,347-25-5356,Thomas Graham,Consumidor,Ativo
42,768-72-9495,Benjamin Gregory,Consumidor,Ativo
43,664-42-2406,Rachel Jackson,Corporativo,Desativado
44,825-12-2809,Katrina Villa,Consumidor,Ativo
45,289-77-1512,Robert Shaw,Consumidor,Ativo
46,022-05-5558,Donald Schneider,Consumidor,Desativado
47,176-80-2845,Mark Campbell,Corporativo,Desativado
48,097-86-1143,Christopher Oneal,Consumidor,Ativo
49,195-27-2712,Ann Bowman,Consumidor,Desativado
50,162-78-7896,Bradley Carter,Corporativo,Ativo
51,224-61-1169,Lori Williams,Corporativo,Desativado
52,370-12-3948,Emily Young,Corporativo,Desativado
53,514-18-5258,Juan Garcia,Consumidor,Ativo
54,198-32-9809,Angela Bowman,Corporativo,Ativo
55,099-04-5984,Jeff Herrera,Corporativo,Desativado
56,492-07-7595,Regina Tran,Corporativo,Desativado
57,105-93-1146,Mia Russell,Corporativo,Desativado
58,634-27-4145,Michael Silva,Corporativo,Ativo
59,823-91-2708,Jeanette Schroeder,Consumidor,Ativo
60,017-79-8305,William Jones,Consumidor,Ativo
61,386-97-9633,Mark Grant,Corporativo,Ativo
62,167-57-3133,Craig Trevino,Corporativo,Desativado
63,626-12-6823,Cynthia Woodward,Corporativo,Ativo
64,450-28-4816,Michael Miller,Corporativo,Ativo
65,381-33-6878,David Martinez,Corporativo,Ativo
66,728-52-3273,Christopher Faulkner,Consumidor,Ativo
67,418-79-9930,Kenneth Taylor,Corporativo,Desativado
68,347-99-5536,Heather Bryant,Corporativo,Desativado
69,630-74-7628,Christine Stevenson,Consumidor,Ativo
70,473-05-5680,Ethan Kirby,Consumidor,Desativado
71,290-21-2323,Christopher Garcia,Consumidor,Ativo
72,514-59-1514,Richard Villa,Corporativo,Ativo
73,192-03-8577,Jeremy Aguirre,Consumidor,Desativado
74,111-16-6552,Dr. Kelly Hernandez,Corporativo,Desativado
75,565-42-4183,Amanda Clark,Consumidor,Ativo
76,607-35-0148,Jordan Baldwin,Corporativo,Desativado
77,652-47-3677,Jason Watson,Corporativo,Ativo
78,774-94-0401,Jose Wood,Corporativo,Desativado
79,509-74-0168,Robin King,Consumidor,Ativo
80,799-14-4628,Mary Freeman,Corporativo,Ativo
81,483-67-8509,Donna Thomas,Consumidor,Desativado
82,058-13-5199,Kenneth Yoder,Corporativo,Desativado
83,338-36-7748,Christine Martin,Consumidor,Desativado
84,713-53-8087,Gary Clayton,Corporativo,Desativado
85,683-04-6705,Aaron Mcdaniel,Corporativo,Ativo
86,871-98-2432,Christina Berry,Consumidor,Desativado
87,728-68-2598,Michelle Grant,Consumidor,Desativado
88,394-06-1346,William Williams,Corporativo,Ativo
89,355-59-0652,Aaron Scott,Corporativo,Desativado
90,072-74-2128,Anna Johnson,Corporativo,Desativado
91,847-08-8231,Tiffany King,Corporativo,Desativado
92,674-38-3380,Gloria Baker,Corporativo,Desativado
93,161-15-2162,Stacey Wood,Consumidor,Desativado
94,200-29-0342,Erik Johnson,Consumidor,Ativo
95,183-39-8405,Scott Leach,Consumidor,Ativo
96,722-69-1156,Anthony Tucker,Corporativo,Ativo
97,479-75-6853,Hayden Powell,Corporativo,Desativado
98,217-72-1488,Julie White,Consumidor,Desativado
99,766-04-2574,Peter Anthony,Corporativo,Ativo
100,659-82-4409,Charles Gordon,Consumidor,Desativado
